Utility Standardized,Model Year Cohort,cohort_count,utility_total,cohort_share
AVISTA CORP,2014 and earlier,43,671,0.06408345752608048
AVISTA CORP,2015-2017,45,671,0.06706408345752608
AVISTA CORP,2018-2020,86,671,0.12816691505216096
AVISTA CORP,2021-2023,248,671,0.36959761549925485
AVISTA CORP,2024+,249,671,0.3710879284649776
"BONNEVILLE POWER ADMINISTRATION | AVISTA CORP | BIG BEND ELECTRIC COOP, INC",2014 and earlier,7,107,0.06542056074766354
"BONNEVILLE POWER ADMINISTRATION | AVISTA CORP | BIG BEND ELECTRIC COOP, INC",2015-2017,7,107,0.06542056074766354
"BONNEVILLE POWER ADMINISTRATION | AVISTA CORP | BIG BEND ELECTRIC COOP, INC",2018-2020,18,107,0.16822429906542055
"BONNEVILLE POWER ADMINISTRATION | AVISTA CORP | BIG BEND ELECTRIC COOP, INC",2021-2023,36,107,0.3364485981308411
"BONNEVILLE POWER ADMINISTRATION | AVISTA CORP | BIG BEND ELECTRIC COOP, INC",2024+,39,107,0.3644859813084112
BONNEVILLE POWER ADMINISTRATION | AVISTA CORP | INLAND POWER & LIGHT COMPANY,2014 and earlier,182,4727,0.03850222128199704
BONNEVILLE POWER ADMINISTRATION | AVISTA CORP | INLAND POWER & LIGHT COMPANY,2015-2017,335,4727,0.0708694732388407
BONNEVILLE POWER ADMINISTRATION | AVISTA CORP | INLAND POWER & LIGHT COMPANY,2018-2020,550,4727,0.11635286651152951
BONNEVILLE POWER ADMINISTRATION | AVISTA CORP | INLAND POWER & LIGHT COMPANY,2021-2023,1791,4727,0.378887243494817
BONNEVILLE POWER ADMINISTRATION | AVISTA CORP | INLAND POWER & LIGHT COMPANY,2024+,1869,4727,0.39538819547281573
BONNEVILLE POWER ADMINISTRATION | AVISTA CORP | PUD NO 1 OF ASOTIN COUNTY,2014 and earlier,6,110,0.05454545454545454
BONNEVILLE POWER ADMINISTRATION | AVISTA CORP | PUD NO 1 OF ASOTIN COUNTY,2015-2017,8,110,0.07272727272727272
BONNEVILLE POWER ADMINISTRATION | AVISTA CORP | PUD NO 1 OF ASOTIN COUNTY,2018-2020,14,110,0.12727272727272726
BONNEVILLE POWER ADMINISTRATION | AVISTA CORP | PUD NO 1 OF ASOTIN COUNTY,2021-2023,46,110,0.41818181818181815
BONNEVILLE POWER ADMINISTRATION | AVISTA CORP | PUD NO 1 OF ASOTIN COUNTY,2024+,36,110,0.32727272727272727
BONNEVILLE POWER ADMINISTRATION | BENTON RURAL ELECTRIC ASSN,2014 and earlier,1,4,0.25
BONNEVILLE POWER ADMINISTRATION | BENTON RURAL ELECTRIC ASSN,2015-2017,0,4,0.0
BONNEVILLE POWER ADMINISTRATION | BENTON RURAL ELECTRIC ASSN,2018-2020,0,4,0.0
BONNEVILLE POWER ADMINISTRATION | BENTON RURAL ELECTRIC ASSN,2021-2023,2,4,0.5
BONNEVILLE POWER ADMINISTRATION | BENTON RURAL ELECTRIC ASSN,2024+,1,4,0.25
"BONNEVILLE POWER ADMINISTRATION | BIG BEND ELECTRIC COOP, INC",2014 and earlier,3,70,0.04285714285714286
"BONNEVILLE POWER ADMINISTRATION | BIG BEND ELECTRIC COOP, INC",2015-2017,4,70,0.05714285714285714
"BONNEVILLE POWER ADMINISTRATION | BIG BEND ELECTRIC COOP, INC",2018-2020,18,70,0.2571428571428571
"BONNEVILLE POWER ADMINISTRATION | BIG BEND ELECTRIC COOP, INC",2021-2023,26,70,0.37142857142857144
"BONNEVILLE POWER ADMINISTRATION | BIG BEND ELECTRIC COOP, INC",2024+,19,70,0.2714285714285714
BONNEVILLE POWER ADMINISTRATION | CITY OF CENTRALIA - (WA) | CITY OF TACOMA - (WA),2014 and earlier,13,315,0.04126984126984127
BONNEVILLE POWER ADMINISTRATION | CITY OF CENTRALIA - (WA) | CITY OF TACOMA - (WA),2015-2017,31,315,0.09841269841269841
BONNEVILLE POWER ADMINISTRATION | CITY OF CENTRALIA - (WA) | CITY OF TACOMA - (WA),2018-2020,23,315,0.07301587301587302
BONNEVILLE POWER ADMINISTRATION | CITY OF CENTRALIA - (WA) | CITY OF TACOMA - (WA),2021-2023,102,315,0.3238095238095238
BONNEVILLE POWER ADMINISTRATION | CITY OF CENTRALIA - (WA) | CITY OF TACOMA - (WA),2024+,146,315,0.4634920634920635
BONNEVILLE POWER ADMINISTRATION | CITY OF COULEE DAM - (WA),2014 and earlier,0,11,0.0
BONNEVILLE POWER ADMINISTRATION | CITY OF COULEE DAM - (WA),2015-2017,1,11,0.09090909090909091
BONNEVILLE POWER ADMINISTRATION | CITY OF COULEE DAM - (WA),2018-2020,3,11,0.2727272727272727
BONNEVILLE POWER ADMINISTRATION | CITY OF COULEE DAM - (WA),2021-2023,5,11,0.45454545454545453
BONNEVILLE POWER ADMINISTRATION | CITY OF COULEE DAM - (WA),2024+,2,11,0.18181818181818182
BONNEVILLE POWER ADMINISTRATION | CITY OF ELLENSBURG - (WA),2014 and earlier,7,230,0.030434782608695653
BONNEVILLE POWER ADMINISTRATION | CITY OF ELLENSBURG - (WA),2015-2017,15,230,0.06521739130434782
BONNEVILLE POWER ADMINISTRATION | CITY OF ELLENSBURG - (WA),2018-2020,35,230,0.15217391304347827
BONNEVILLE POWER ADMINISTRATION | CITY OF ELLENSBURG - (WA),2021-2023,100,230,0.43478260869565216
BONNEVILLE POWER ADMINISTRATION | CITY OF ELLENSBURG - (WA),2024+,73,230,0.3173913043478261
BONNEVILLE POWER ADMINISTRATION | CITY OF MCCLEARY - (WA),2014 and earlier,3,35,0.08571428571428572
BONNEVILLE POWER ADMINISTRATION | CITY OF MCCLEARY - (WA),2015-2017,1,35,0.02857142857142857
BONNEVILLE POWER ADMINISTRATION | CITY OF MCCLEARY - (WA),2018-2020,4,35,0.11428571428571428
BONNEVILLE POWER ADMINISTRATION | CITY OF MCCLEARY - (WA),2021-2023,10,35,0.2857142857142857
BONNEVILLE POWER ADMINISTRATION | CITY OF MCCLEARY - (WA),2024+,17,35,0.4857142857142857
BONNEVILLE POWER ADMINISTRATION | CITY OF MILTON - (WA) | CITY OF TACOMA - (WA),2014 and earlier,11,163,0.06748466257668712
BONNEVILLE POWER ADMINISTRATION | CITY OF MILTON - (WA) | CITY OF TACOMA - (WA),2015-2017,12,163,0.0736196319018405
BONNEVILLE POWER ADMINISTRATION | CITY OF MILTON - (WA) | CITY OF TACOMA - (WA),2018-2020,25,163,0.15337423312883436
BONNEVILLE POWER ADMINISTRATION | CITY OF MILTON - (WA) | CITY OF TACOMA - (WA),2021-2023,54,163,0.3312883435582822
BONNEVILLE POWER ADMINISTRATION | CITY OF MILTON - (WA) | CITY OF TACOMA - (WA),2024+,61,163,0.37423312883435583
BONNEVILLE POWER ADMINISTRATION | CITY OF PORT ANGELES - (WA),2014 and earlier,29,386,0.07512953367875648
BONNEVILLE POWER ADMINISTRATION | CITY OF PORT ANGELES - (WA),2015-2017,29,386,0.07512953367875648
BONNEVILLE POWER ADMINISTRATION | CITY OF PORT ANGELES - (WA),2018-2020,84,386,0.21761658031088082
BONNEVILLE POWER ADMINISTRATION | CITY OF PORT ANGELES - (WA),2021-2023,125,386,0.3238341968911917
BONNEVILLE POWER ADMINISTRATION | CITY OF PORT ANGELES - (WA),2024+,119,386,0.3082901554404145
BONNEVILLE POWER ADMINISTRATION | CITY OF RICHLAND - (WA),2014 and earlier,58,1615,0.03591331269349845
BONNEVILLE POWER ADMINISTRATION | CITY OF RICHLAND - (WA),2015-2017,81,1615,0.05015479876160991
BONNEVILLE POWER ADMINISTRATION | CITY OF RICHLAND - (WA),2018-2020,248,1615,0.15356037151702787
BONNEVILLE POWER ADMINISTRATION | CITY OF RICHLAND - (WA),2021-2023,641,1615,0.39690402476780184
BONNEVILLE POWER ADMINISTRATION | CITY OF RICHLAND - (WA),2024+,587,1615,0.3634674922600619
"BONNEVILLE POWER ADMINISTRATION | CITY OF TACOMA - (WA) | ALDER MUTUAL LIGHT CO, INC | PENINSULA LIGHT COMPANY",2014 and earlier,0,4,0.0
"BONNEVILLE POWER ADMINISTRATION | CITY OF TACOMA - (WA) | ALDER MUTUAL LIGHT CO, INC | PENINSULA LIGHT COMPANY",2015-2017,0,4,0.0
"BONNEVILLE POWER ADMINISTRATION | CITY OF TACOMA - (WA) | ALDER MUTUAL LIGHT CO, INC | PENINSULA LIGHT COMPANY",2018-2020,0,4,0.0
"BONNEVILLE POWER ADMINISTRATION | CITY OF TACOMA - (WA) | ALDER MUTUAL LIGHT CO, INC | PENINSULA LIGHT COMPANY",2021-2023,1,4,0.25
"BONNEVILLE POWER ADMINISTRATION | CITY OF TACOMA - (WA) | ALDER MUTUAL LIGHT CO, INC | PENINSULA LIGHT COMPANY",2024+,3,4,0.75
BONNEVILLE POWER ADMINISTRATION | CITY OF TACOMA - (WA) | BENTON RURAL ELECTRIC ASSN | PENINSULA LIGHT COMPANY,2014 and earlier,3,87,0.034482758620689655
BONNEVILLE POWER ADMINISTRATION | CITY OF TACOMA - (WA) | BENTON RURAL ELECTRIC ASSN | PENINSULA LIGHT COMPANY,2015-2017,8,87,0.09195402298850575
BONNEVILLE POWER ADMINISTRATION | CITY OF TACOMA - (WA) | BENTON RURAL ELECTRIC ASSN | PENINSULA LIGHT COMPANY,2018-2020,11,87,0.12643678160919541
BONNEVILLE POWER ADMINISTRATION | CITY OF TACOMA - (WA) | BENTON RURAL ELECTRIC ASSN | PENINSULA LIGHT COMPANY,2021-2023,30,87,0.3448275862068966
BONNEVILLE POWER ADMINISTRATION | CITY OF TACOMA - (WA) | BENTON RURAL ELECTRIC ASSN | PENINSULA LIGHT COMPANY,2024+,35,87,0.40229885057471265
BONNEVILLE POWER ADMINISTRATION | CITY OF TACOMA - (WA) | ELMHURST MUTUAL POWER & LIGHT CO | PENINSULA LIGHT COMPANY,2014 and earlier,44,861,0.05110336817653891
BONNEVILLE POWER ADMINISTRATION | CITY OF TACOMA - (WA) | ELMHURST MUTUAL POWER & LIGHT CO | PENINSULA LIGHT COMPANY,2015-2017,62,861,0.07200929152148665
BONNEVILLE POWER ADMINISTRATION | CITY OF TACOMA - (WA) | ELMHURST MUTUAL POWER & LIGHT CO | PENINSULA LIGHT COMPANY,2018-2020,109,861,0.12659698025551683
BONNEVILLE POWER ADMINISTRATION | CITY OF TACOMA - (WA) | ELMHURST MUTUAL POWER & LIGHT CO | PENINSULA LIGHT COMPANY,2021-2023,302,861,0.3507549361207898
BONNEVILLE POWER ADMINISTRATION | CITY OF TACOMA - (WA) | ELMHURST MUTUAL POWER & LIGHT CO | PENINSULA LIGHT COMPANY,2024+,344,861,0.3995354239256678
BONNEVILLE POWER ADMINISTRATION | CITY OF TACOMA - (WA) | LAKEVIEW LIGHT & POWER | PENINSULA LIGHT COMPANY,2014 and earlier,25,321,0.0778816199376947
BONNEVILLE POWER ADMINISTRATION | CITY OF TACOMA - (WA) | LAKEVIEW LIGHT & POWER | PENINSULA LIGHT COMPANY,2015-2017,24,321,0.07476635514018691
BONNEVILLE POWER ADMINISTRATION | CITY OF TACOMA - (WA) | LAKEVIEW LIGHT & POWER | PENINSULA LIGHT COMPANY,2018-2020,44,321,0.13707165109034267
BONNEVILLE POWER ADMINISTRATION | CITY OF TACOMA - (WA) | LAKEVIEW LIGHT & POWER | PENINSULA LIGHT COMPANY,2021-2023,100,321,0.3115264797507788
BONNEVILLE POWER ADMINISTRATION | CITY OF TACOMA - (WA) | LAKEVIEW LIGHT & POWER | PENINSULA LIGHT COMPANY,2024+,128,321,0.3987538940809969
"BONNEVILLE POWER ADMINISTRATION | CITY OF TACOMA - (WA) | OHOP MUTUAL LIGHT COMPANY, INC | PENINSULA LIGHT COMPANY",2014 and earlier,6,209,0.028708133971291867
"BONNEVILLE POWER ADMINISTRATION | CITY OF TACOMA - (WA) | OHOP MUTUAL LIGHT COMPANY, INC | PENINSULA LIGHT COMPANY",2015-2017,20,209,0.09569377990430622
"BONNEVILLE POWER ADMINISTRATION | CITY OF TACOMA - (WA) | OHOP MUTUAL LIGHT COMPANY, INC | PENINSULA LIGHT COMPANY",2018-2020,32,209,0.15311004784688995
"BONNEVILLE POWER ADMINISTRATION | CITY OF TACOMA - (WA) | OHOP MUTUAL LIGHT COMPANY, INC | PENINSULA LIGHT COMPANY",2021-2023,79,209,0.37799043062200954
"BONNEVILLE POWER ADMINISTRATION | CITY OF TACOMA - (WA) | OHOP MUTUAL LIGHT COMPANY, INC | PENINSULA LIGHT COMPANY",2024+,72,209,0.3444976076555024
BONNEVILLE POWER ADMINISTRATION | CITY OF TACOMA - (WA) | PARKLAND LIGHT & WATER COMPANY | PENINSULA LIGHT COMPANY,2014 and earlier,11,187,0.058823529411764705
BONNEVILLE POWER ADMINISTRATION | CITY OF TACOMA - (WA) | PARKLAND LIGHT & WATER COMPANY | PENINSULA LIGHT COMPANY,2015-2017,10,187,0.053475935828877004
BONNEVILLE POWER ADMINISTRATION | CITY OF TACOMA - (WA) | PARKLAND LIGHT & WATER COMPANY | PENINSULA LIGHT COMPANY,2018-2020,31,187,0.1657754010695187
BONNEVILLE POWER ADMINISTRATION | CITY OF TACOMA - (WA) | PARKLAND LIGHT & WATER COMPANY | PENINSULA LIGHT COMPANY,2021-2023,76,187,0.40641711229946526
BONNEVILLE POWER ADMINISTRATION | CITY OF TACOMA - (WA) | PARKLAND LIGHT & WATER COMPANY | PENINSULA LIGHT COMPANY,2024+,59,187,0.3155080213903743
BONNEVILLE POWER ADMINISTRATION | CITY OF TACOMA - (WA) | PENINSULA LIGHT COMPANY,2014 and earlier,507,12590,0.04027005559968229
BONNEVILLE POWER ADMINISTRATION | CITY OF TACOMA - (WA) | PENINSULA LIGHT COMPANY,2015-2017,966,12590,0.0767275615567911
BONNEVILLE POWER ADMINISTRATION | CITY OF TACOMA - (WA) | PENINSULA LIGHT COMPANY,2018-2020,1763,12590,0.14003177124702146
BONNEVILLE POWER ADMINISTRATION | CITY OF TACOMA - (WA) | PENINSULA LIGHT COMPANY,2021-2023,4743,12590,0.3767275615567911
BONNEVILLE POWER ADMINISTRATION | CITY OF TACOMA - (WA) | PENINSULA LIGHT COMPANY,2024+,4611,12590,0.3662430500397141
BONNEVILLE POWER ADMINISTRATION | CITY OF TACOMA - (WA) | PUD NO 1 OF LEWIS COUNTY,2014 and earlier,28,601,0.04658901830282862
BONNEVILLE POWER ADMINISTRATION | CITY OF TACOMA - (WA) | PUD NO 1 OF LEWIS COUNTY,2015-2017,49,601,0.08153078202995008
BONNEVILLE POWER ADMINISTRATION | CITY OF TACOMA - (WA) | PUD NO 1 OF LEWIS COUNTY,2018-2020,90,601,0.1497504159733777
BONNEVILLE POWER ADMINISTRATION | CITY OF TACOMA - (WA) | PUD NO 1 OF LEWIS COUNTY,2021-2023,239,601,0.39767054908485855
BONNEVILLE POWER ADMINISTRATION | CITY OF TACOMA - (WA) | PUD NO 1 OF LEWIS COUNTY,2024+,195,601,0.324459234608985
BONNEVILLE POWER ADMINISTRATION | CITY OF TACOMA - (WA) | PUD NO 1 OF MASON COUNTY,2014 and earlier,10,194,0.05154639175257732
BONNEVILLE POWER ADMINISTRATION | CITY OF TACOMA - (WA) | PUD NO 1 OF MASON COUNTY,2015-2017,10,194,0.05154639175257732
BONNEVILLE POWER ADMINISTRATION | CITY OF TACOMA - (WA) | PUD NO 1 OF MASON COUNTY,2018-2020,20,194,0.10309278350515463
BONNEVILLE POWER ADMINISTRATION | CITY OF TACOMA - (WA) | PUD NO 1 OF MASON COUNTY,2021-2023,84,194,0.4329896907216495
BONNEVILLE POWER ADMINISTRATION | CITY OF TACOMA - (WA) | PUD NO 1 OF MASON COUNTY,2024+,70,194,0.36082474226804123
BONNEVILLE POWER ADMINISTRATION | CITY OF TACOMA - (WA) | PUD NO 3 OF MASON COUNTY,2014 and earlier,62,1211,0.05119735755573906
BONNEVILLE POWER ADMINISTRATION | CITY OF TACOMA - (WA) | PUD NO 3 OF MASON COUNTY,2015-2017,86,1211,0.07101568951279934
BONNEVILLE POWER ADMINISTRATION | CITY OF TACOMA - (WA) | PUD NO 3 OF MASON COUNTY,2018-2020,191,1211,0.15772089182493806
BONNEVILLE POWER ADMINISTRATION | CITY OF TACOMA - (WA) | PUD NO 3 OF MASON COUNTY,2021-2023,482,1211,0.39801816680429397
BONNEVILLE POWER ADMINISTRATION | CITY OF TACOMA - (WA) | PUD NO 3 OF MASON COUNTY,2024+,390,1211,0.3220478943022296
"BONNEVILLE POWER ADMINISTRATION | COLUMBIA RURAL ELEC ASSN, INC",2014 and earlier,1,33,0.030303030303030304
"BONNEVILLE POWER ADMINISTRATION | COLUMBIA RURAL ELEC ASSN, INC",2015-2017,3,33,0.09090909090909091
"BONNEVILLE POWER ADMINISTRATION | COLUMBIA RURAL ELEC ASSN, INC",2018-2020,7,33,0.21212121212121213
"BONNEVILLE POWER ADMINISTRATION | COLUMBIA RURAL ELEC ASSN, INC",2021-2023,10,33,0.30303030303030304
"BONNEVILLE POWER ADMINISTRATION | COLUMBIA RURAL ELEC ASSN, INC",2024+,12,33,0.36363636363636365
BONNEVILLE POWER ADMINISTRATION | INLAND POWER & LIGHT COMPANY,2014 and earlier,21,595,0.03529411764705882
BONNEVILLE POWER ADMINISTRATION | INLAND POWER & LIGHT COMPANY,2015-2017,39,595,0.06554621848739496
BONNEVILLE POWER ADMINISTRATION | INLAND POWER & LIGHT COMPANY,2018-2020,87,595,0.146218487394958
BONNEVILLE POWER ADMINISTRATION | INLAND POWER & LIGHT COMPANY,2021-2023,210,595,0.35294117647058826
BONNEVILLE POWER ADMINISTRATION | INLAND POWER & LIGHT COMPANY,2024+,238,595,0.4
"BONNEVILLE POWER ADMINISTRATION | NESPELEM VALLEY ELEC COOP, INC",2014 and earlier,0,6,0.0
"BONNEVILLE POWER ADMINISTRATION | NESPELEM VALLEY ELEC COOP, INC",2015-2017,0,6,0.0
"BONNEVILLE POWER ADMINISTRATION | NESPELEM VALLEY ELEC COOP, INC",2018-2020,1,6,0.16666666666666666
"BONNEVILLE POWER ADMINISTRATION | NESPELEM VALLEY ELEC COOP, INC",2021-2023,4,6,0.6666666666666666
"BONNEVILLE POWER ADMINISTRATION | NESPELEM VALLEY ELEC COOP, INC",2024+,1,6,0.16666666666666666
BONNEVILLE POWER ADMINISTRATION | ORCAS POWER & LIGHT COOP,2014 and earlier,138,1275,0.10823529411764705
BONNEVILLE POWER ADMINISTRATION | ORCAS POWER & LIGHT COOP,2015-2017,213,1275,0.16705882352941176
BONNEVILLE POWER ADMINISTRATION | ORCAS POWER & LIGHT COOP,2018-2020,215,1275,0.16862745098039217
BONNEVILLE POWER ADMINISTRATION | ORCAS POWER & LIGHT COOP,2021-2023,381,1275,0.2988235294117647
BONNEVILLE POWER ADMINISTRATION | ORCAS POWER & LIGHT COOP,2024+,328,1275,0.2572549019607843
BONNEVILLE POWER ADMINISTRATION | PACIFICORP | BENTON RURAL ELECTRIC ASSN,2014 and earlier,10,230,0.043478260869565216
BONNEVILLE POWER ADMINISTRATION | PACIFICORP | BENTON RURAL ELECTRIC ASSN,2015-2017,10,230,0.043478260869565216
BONNEVILLE POWER ADMINISTRATION | PACIFICORP | BENTON RURAL ELECTRIC ASSN,2018-2020,42,230,0.1826086956521739
BONNEVILLE POWER ADMINISTRATION | PACIFICORP | BENTON RURAL ELECTRIC ASSN,2021-2023,102,230,0.4434782608695652
BONNEVILLE POWER ADMINISTRATION | PACIFICORP | BENTON RURAL ELECTRIC ASSN,2024+,66,230,0.28695652173913044
"BONNEVILLE POWER ADMINISTRATION | PACIFICORP | COLUMBIA RURAL ELEC ASSN, INC",2014 and earlier,2,30,0.06666666666666667
"BONNEVILLE POWER ADMINISTRATION | PACIFICORP | COLUMBIA RURAL ELEC ASSN, INC",2015-2017,2,30,0.06666666666666667
"BONNEVILLE POWER ADMINISTRATION | PACIFICORP | COLUMBIA RURAL ELEC ASSN, INC",2018-2020,1,30,0.03333333333333333
"BONNEVILLE POWER ADMINISTRATION | PACIFICORP | COLUMBIA RURAL ELEC ASSN, INC",2021-2023,13,30,0.43333333333333335
"BONNEVILLE POWER ADMINISTRATION | PACIFICORP | COLUMBIA RURAL ELEC ASSN, INC",2024+,12,30,0.4
BONNEVILLE POWER ADMINISTRATION | PACIFICORP | PUD NO 1 OF CLARK COUNTY - (WA),2014 and earlier,10,391,0.02557544757033248
BONNEVILLE POWER ADMINISTRATION | PACIFICORP | PUD NO 1 OF CLARK COUNTY - (WA),2015-2017,30,391,0.07672634271099744
BONNEVILLE POWER ADMINISTRATION | PACIFICORP | PUD NO 1 OF CLARK COUNTY - (WA),2018-2020,51,391,0.13043478260869565
BONNEVILLE POWER ADMINISTRATION | PACIFICORP | PUD NO 1 OF CLARK COUNTY - (WA),2021-2023,172,391,0.4398976982097187
BONNEVILLE POWER ADMINISTRATION | PACIFICORP | PUD NO 1 OF CLARK COUNTY - (WA),2024+,128,391,0.3273657289002558
BONNEVILLE POWER ADMINISTRATION | PENINSULA LIGHT COMPANY,2014 and earlier,0,1,0.0
BONNEVILLE POWER ADMINISTRATION | PENINSULA LIGHT COMPANY,2015-2017,0,1,0.0
BONNEVILLE POWER ADMINISTRATION | PENINSULA LIGHT COMPANY,2018-2020,0,1,0.0
BONNEVILLE POWER ADMINISTRATION | PENINSULA LIGHT COMPANY,2021-2023,0,1,0.0
BONNEVILLE POWER ADMINISTRATION | PENINSULA LIGHT COMPANY,2024+,1,1,1.0
BONNEVILLE POWER ADMINISTRATION | PUD 1 OF SNOHOMISH COUNTY,2014 and earlier,101,2632,0.03837386018237082
BONNEVILLE POWER ADMINISTRATION | PUD 1 OF SNOHOMISH COUNTY,2015-2017,200,2632,0.07598784194528875
BONNEVILLE POWER ADMINISTRATION | PUD 1 OF SNOHOMISH COUNTY,2018-2020,373,2632,0.14171732522796351
BONNEVILLE POWER ADMINISTRATION | PUD 1 OF SNOHOMISH COUNTY,2021-2023,1064,2632,0.40425531914893614
BONNEVILLE POWER ADMINISTRATION | PUD 1 OF SNOHOMISH COUNTY,2024+,894,2632,0.33966565349544076
BONNEVILLE POWER ADMINISTRATION | PUD NO 1 OF ASOTIN COUNTY,2014 and earlier,0,1,0.0
BONNEVILLE POWER ADMINISTRATION | PUD NO 1 OF ASOTIN COUNTY,2015-2017,0,1,0.0
BONNEVILLE POWER ADMINISTRATION | PUD NO 1 OF ASOTIN COUNTY,2018-2020,0,1,0.0
BONNEVILLE POWER ADMINISTRATION | PUD NO 1 OF ASOTIN COUNTY,2021-2023,1,1,1.0
BONNEVILLE POWER ADMINISTRATION | PUD NO 1 OF ASOTIN COUNTY,2024+,0,1,0.0
BONNEVILLE POWER ADMINISTRATION | PUD NO 1 OF ASOTIN COUNTY | INLAND POWER & LIGHT COMPANY,2014 and earlier,0,1,0.0
BONNEVILLE POWER ADMINISTRATION | PUD NO 1 OF ASOTIN COUNTY | INLAND POWER & LIGHT COMPANY,2015-2017,0,1,0.0
BONNEVILLE POWER ADMINISTRATION | PUD NO 1 OF ASOTIN COUNTY | INLAND POWER & LIGHT COMPANY,2018-2020,1,1,1.0
BONNEVILLE POWER ADMINISTRATION | PUD NO 1 OF ASOTIN COUNTY | INLAND POWER & LIGHT COMPANY,2021-2023,0,1,0.0
BONNEVILLE POWER ADMINISTRATION | PUD NO 1 OF ASOTIN COUNTY | INLAND POWER & LIGHT COMPANY,2024+,0,1,0.0
BONNEVILLE POWER ADMINISTRATION | PUD NO 1 OF BENTON COUNTY,2014 and earlier,108,2296,0.047038327526132406
BONNEVILLE POWER ADMINISTRATION | PUD NO 1 OF BENTON COUNTY,2015-2017,181,2296,0.07883275261324042
BONNEVILLE POWER ADMINISTRATION | PUD NO 1 OF BENTON COUNTY,2018-2020,394,2296,0.171602787456446
BONNEVILLE POWER ADMINISTRATION | PUD NO 1 OF BENTON COUNTY,2021-2023,897,2296,0.3906794425087108
BONNEVILLE POWER ADMINISTRATION | PUD NO 1 OF BENTON COUNTY,2024+,716,2296,0.3118466898954704
BONNEVILLE POWER ADMINISTRATION | PUD NO 1 OF CLALLAM COUNTY,2014 and earlier,78,1268,0.061514195583596214
BONNEVILLE POWER ADMINISTRATION | PUD NO 1 OF CLALLAM COUNTY,2015-2017,125,1268,0.09858044164037855
BONNEVILLE POWER ADMINISTRATION | PUD NO 1 OF CLALLAM COUNTY,2018-2020,188,1268,0.14826498422712933
BONNEVILLE POWER ADMINISTRATION | PUD NO 1 OF CLALLAM COUNTY,2021-2023,475,1268,0.3746056782334385
BONNEVILLE POWER ADMINISTRATION | PUD NO 1 OF CLALLAM COUNTY,2024+,402,1268,0.31703470031545744
BONNEVILLE POWER ADMINISTRATION | PUD NO 1 OF CLALLAM COUNTY | PUD NO 1 OF JEFFERSON COUNTY,2014 and earlier,0,1,0.0
BONNEVILLE POWER ADMINISTRATION | PUD NO 1 OF CLALLAM COUNTY | PUD NO 1 OF JEFFERSON COUNTY,2015-2017,0,1,0.0
BONNEVILLE POWER ADMINISTRATION | PUD NO 1 OF CLALLAM COUNTY | PUD NO 1 OF JEFFERSON COUNTY,2018-2020,0,1,0.0
BONNEVILLE POWER ADMINISTRATION | PUD NO 1 OF CLALLAM COUNTY | PUD NO 1 OF JEFFERSON COUNTY,2021-2023,0,1,0.0
BONNEVILLE POWER ADMINISTRATION | PUD NO 1 OF CLALLAM COUNTY | PUD NO 1 OF JEFFERSON COUNTY,2024+,1,1,1.0
BONNEVILLE POWER ADMINISTRATION | PUD NO 1 OF CLARK COUNTY - (WA),2014 and earlier,608,16614,0.036595642229445044
BONNEVILLE POWER ADMINISTRATION | PUD NO 1 OF CLARK COUNTY - (WA),2015-2017,1151,16614,0.06927892139159744
BONNEVILLE POWER ADMINISTRATION | PUD NO 1 OF CLARK COUNTY - (WA),2018-2020,2158,16614,0.1298904538341158
BONNEVILLE POWER ADMINISTRATION | PUD NO 1 OF CLARK COUNTY - (WA),2021-2023,6696,16614,0.40303358613217766
BONNEVILLE POWER ADMINISTRATION | PUD NO 1 OF CLARK COUNTY - (WA),2024+,6001,16614,0.361201396412664
BONNEVILLE POWER ADMINISTRATION | PUD NO 1 OF COWLITZ COUNTY,2014 and earlier,51,1467,0.034764826175869123
BONNEVILLE POWER ADMINISTRATION | PUD NO 1 OF COWLITZ COUNTY,2015-2017,114,1467,0.07770961145194274
BONNEVILLE POWER ADMINISTRATION | PUD NO 1 OF COWLITZ COUNTY,2018-2020,215,1467,0.1465576005453306
BONNEVILLE POWER ADMINISTRATION | PUD NO 1 OF COWLITZ COUNTY,2021-2023,608,1467,0.41445126107702795
BONNEVILLE POWER ADMINISTRATION | PUD NO 1 OF COWLITZ COUNTY,2024+,479,1467,0.3265167007498296
BONNEVILLE POWER ADMINISTRATION | PUD NO 1 OF FERRY COUNTY,2014 and earlier,1,31,0.03225806451612903
BONNEVILLE POWER ADMINISTRATION | PUD NO 1 OF FERRY COUNTY,2015-2017,3,31,0.0967741935483871
BONNEVILLE POWER ADMINISTRATION | PUD NO 1 OF FERRY COUNTY,2018-2020,10,31,0.3225806451612903
BONNEVILLE POWER ADMINISTRATION | PUD NO 1 OF FERRY COUNTY,2021-2023,9,31,0.2903225806451613
BONNEVILLE POWER ADMINISTRATION | PUD NO 1 OF FERRY COUNTY,2024+,8,31,0.25806451612903225
BONNEVILLE POWER ADMINISTRATION | PUD NO 1 OF FRANKLIN COUNTY,2014 and earlier,52,1114,0.0466786355475763
BONNEVILLE POWER ADMINISTRATION | PUD NO 1 OF FRANKLIN COUNTY,2015-2017,100,1114,0.08976660682226212
BONNEVILLE POWER ADMINISTRATION | PUD NO 1 OF FRANKLIN COUNTY,2018-2020,189,1114,0.1696588868940754
BONNEVILLE POWER ADMINISTRATION | PUD NO 1 OF FRANKLIN COUNTY,2021-2023,431,1114,0.3868940754039497
BONNEVILLE POWER ADMINISTRATION | PUD NO 1 OF FRANKLIN COUNTY,2024+,342,1114,0.30700179533213645
BONNEVILLE POWER ADMINISTRATION | PUD NO 1 OF GRAYS HARBOR COUNTY,2014 and earlier,56,1026,0.05458089668615984
BONNEVILLE POWER ADMINISTRATION | PUD NO 1 OF GRAYS HARBOR COUNTY,2015-2017,95,1026,0.09259259259259259
BONNEVILLE POWER ADMINISTRATION | PUD NO 1 OF GRAYS HARBOR COUNTY,2018-2020,163,1026,0.15886939571150097
BONNEVILLE POWER ADMINISTRATION | PUD NO 1 OF GRAYS HARBOR COUNTY,2021-2023,373,1026,0.3635477582846004
BONNEVILLE POWER ADMINISTRATION | PUD NO 1 OF GRAYS HARBOR COUNTY,2024+,339,1026,0.3304093567251462
BONNEVILLE POWER ADMINISTRATION | PUD NO 1 OF JEFFERSON COUNTY,2014 and earlier,0,1,0.0
BONNEVILLE POWER ADMINISTRATION | PUD NO 1 OF JEFFERSON COUNTY,2015-2017,0,1,0.0
BONNEVILLE POWER ADMINISTRATION | PUD NO 1 OF JEFFERSON COUNTY,2018-2020,0,1,0.0
BONNEVILLE POWER ADMINISTRATION | PUD NO 1 OF JEFFERSON COUNTY,2021-2023,1,1,1.0
BONNEVILLE POWER ADMINISTRATION | PUD NO 1 OF JEFFERSON COUNTY,2024+,0,1,0.0
BONNEVILLE POWER ADMINISTRATION | PUD NO 1 OF KITTITAS COUNTY,2014 and earlier,3,29,0.10344827586206896
BONNEVILLE POWER ADMINISTRATION | PUD NO 1 OF KITTITAS COUNTY,2015-2017,1,29,0.034482758620689655
BONNEVILLE POWER ADMINISTRATION | PUD NO 1 OF KITTITAS COUNTY,2018-2020,3,29,0.10344827586206896
BONNEVILLE POWER ADMINISTRATION | PUD NO 1 OF KITTITAS COUNTY,2021-2023,15,29,0.5172413793103449
BONNEVILLE POWER ADMINISTRATION | PUD NO 1 OF KITTITAS COUNTY,2024+,7,29,0.2413793103448276
BONNEVILLE POWER ADMINISTRATION | PUD NO 1 OF KLICKITAT COUNTY,2014 and earlier,20,485,0.041237113402061855
BONNEVILLE POWER ADMINISTRATION | PUD NO 1 OF KLICKITAT COUNTY,2015-2017,28,485,0.0577319587628866
BONNEVILLE POWER ADMINISTRATION | PUD NO 1 OF KLICKITAT COUNTY,2018-2020,81,485,0.1670103092783505
BONNEVILLE POWER ADMINISTRATION | PUD NO 1 OF KLICKITAT COUNTY,2021-2023,201,485,0.4144329896907217
BONNEVILLE POWER ADMINISTRATION | PUD NO 1 OF KLICKITAT COUNTY,2024+,155,485,0.31958762886597936
BONNEVILLE POWER ADMINISTRATION | PUD NO 1 OF MASON COUNTY | PUD NO 1 OF JEFFERSON COUNTY,2014 and earlier,2,36,0.05555555555555555
BONNEVILLE POWER ADMINISTRATION | PUD NO 1 OF MASON COUNTY | PUD NO 1 OF JEFFERSON COUNTY,2015-2017,3,36,0.08333333333333333
BONNEVILLE POWER ADMINISTRATION | PUD NO 1 OF MASON COUNTY | PUD NO 1 OF JEFFERSON COUNTY,2018-2020,2,36,0.05555555555555555
BONNEVILLE POWER ADMINISTRATION | PUD NO 1 OF MASON COUNTY | PUD NO 1 OF JEFFERSON COUNTY,2021-2023,20,36,0.5555555555555556
BONNEVILLE POWER ADMINISTRATION | PUD NO 1 OF MASON COUNTY | PUD NO 1 OF JEFFERSON COUNTY,2024+,9,36,0.25
BONNEVILLE POWER ADMINISTRATION | PUD NO 1 OF SKAMANIA CO,2014 and earlier,8,269,0.02973977695167286
BONNEVILLE POWER ADMINISTRATION | PUD NO 1 OF SKAMANIA CO,2015-2017,20,269,0.07434944237918216
BONNEVILLE POWER ADMINISTRATION | PUD NO 1 OF SKAMANIA CO,2018-2020,45,269,0.16728624535315986
BONNEVILLE POWER ADMINISTRATION | PUD NO 1 OF SKAMANIA CO,2021-2023,125,269,0.4646840148698885
BONNEVILLE POWER ADMINISTRATION | PUD NO 1 OF SKAMANIA CO,2024+,71,269,0.26394052044609667
BONNEVILLE POWER ADMINISTRATION | PUD NO 1 OF WAHKIAKUM COUNTY,2014 and earlier,2,96,0.020833333333333332
BONNEVILLE POWER ADMINISTRATION | PUD NO 1 OF WAHKIAKUM COUNTY,2015-2017,8,96,0.08333333333333333
BONNEVILLE POWER ADMINISTRATION | PUD NO 1 OF WAHKIAKUM COUNTY,2018-2020,31,96,0.3229166666666667
BONNEVILLE POWER ADMINISTRATION | PUD NO 1 OF WAHKIAKUM COUNTY,2021-2023,32,96,0.3333333333333333
BONNEVILLE POWER ADMINISTRATION | PUD NO 1 OF WAHKIAKUM COUNTY,2024+,23,96,0.23958333333333334
BONNEVILLE POWER ADMINISTRATION | PUD NO 2 OF PACIFIC COUNTY,2014 and earlier,15,349,0.04297994269340974
BONNEVILLE POWER ADMINISTRATION | PUD NO 2 OF PACIFIC COUNTY,2015-2017,31,349,0.08882521489971347
BONNEVILLE POWER ADMINISTRATION | PUD NO 2 OF PACIFIC COUNTY,2018-2020,48,349,0.13753581661891118
BONNEVILLE POWER ADMINISTRATION | PUD NO 2 OF PACIFIC COUNTY,2021-2023,142,349,0.4068767908309456
BONNEVILLE POWER ADMINISTRATION | PUD NO 2 OF PACIFIC COUNTY,2024+,113,349,0.3237822349570201
BONNEVILLE POWER ADMINISTRATION | PUGET SOUND ENERGY INC | PUD NO 1 OF JEFFERSON COUNTY,2014 and earlier,96,1414,0.06789250353606789
BONNEVILLE POWER ADMINISTRATION | PUGET SOUND ENERGY INC | PUD NO 1 OF JEFFERSON COUNTY,2015-2017,169,1414,0.11951909476661952
BONNEVILLE POWER ADMINISTRATION | PUGET SOUND ENERGY INC | PUD NO 1 OF JEFFERSON COUNTY,2018-2020,236,1414,0.1669024045261669
BONNEVILLE POWER ADMINISTRATION | PUGET SOUND ENERGY INC | PUD NO 1 OF JEFFERSON COUNTY,2021-2023,494,1414,0.3493635077793494
BONNEVILLE POWER ADMINISTRATION | PUGET SOUND ENERGY INC | PUD NO 1 OF JEFFERSON COUNTY,2024+,419,1414,0.29632248939179634
BONNEVILLE POWER ADMINISTRATION | TOWN OF EATONVILLE - (WA) | CITY OF TACOMA - (WA),2014 and earlier,2,51,0.0392156862745098
BONNEVILLE POWER ADMINISTRATION | TOWN OF EATONVILLE - (WA) | CITY OF TACOMA - (WA),2015-2017,3,51,0.058823529411764705
BONNEVILLE POWER ADMINISTRATION | TOWN OF EATONVILLE - (WA) | CITY OF TACOMA - (WA),2018-2020,9,51,0.17647058823529413
BONNEVILLE POWER ADMINISTRATION | TOWN OF EATONVILLE - (WA) | CITY OF TACOMA - (WA),2021-2023,15,51,0.29411764705882354
BONNEVILLE POWER ADMINISTRATION | TOWN OF EATONVILLE - (WA) | CITY OF TACOMA - (WA),2024+,22,51,0.43137254901960786
BONNEVILLE POWER ADMINISTRATION | TOWN OF RUSTON - (WA) | CITY OF TACOMA - (WA) | PENINSULA LIGHT COMPANY,2014 and earlier,2,60,0.03333333333333333
BONNEVILLE POWER ADMINISTRATION | TOWN OF RUSTON - (WA) | CITY OF TACOMA - (WA) | PENINSULA LIGHT COMPANY,2015-2017,3,60,0.05
BONNEVILLE POWER ADMINISTRATION | TOWN OF RUSTON - (WA) | CITY OF TACOMA - (WA) | PENINSULA LIGHT COMPANY,2018-2020,7,60,0.11666666666666667
BONNEVILLE POWER ADMINISTRATION | TOWN OF RUSTON - (WA) | CITY OF TACOMA - (WA) | PENINSULA LIGHT COMPANY,2021-2023,23,60,0.38333333333333336
BONNEVILLE POWER ADMINISTRATION | TOWN OF RUSTON - (WA) | CITY OF TACOMA - (WA) | PENINSULA LIGHT COMPANY,2024+,25,60,0.4166666666666667
BONNEVILLE POWER ADMINISTRATION | TOWN OF STEILACOOM | CITY OF TACOMA - (WA) | PENINSULA LIGHT COMPANY,2014 and earlier,14,234,0.05982905982905983
BONNEVILLE POWER ADMINISTRATION | TOWN OF STEILACOOM | CITY OF TACOMA - (WA) | PENINSULA LIGHT COMPANY,2015-2017,25,234,0.10683760683760683
BONNEVILLE POWER ADMINISTRATION | TOWN OF STEILACOOM | CITY OF TACOMA - (WA) | PENINSULA LIGHT COMPANY,2018-2020,31,234,0.13247863247863248
BONNEVILLE POWER ADMINISTRATION | TOWN OF STEILACOOM | CITY OF TACOMA - (WA) | PENINSULA LIGHT COMPANY,2021-2023,78,234,0.3333333333333333
BONNEVILLE POWER ADMINISTRATION | TOWN OF STEILACOOM | CITY OF TACOMA - (WA) | PENINSULA LIGHT COMPANY,2024+,86,234,0.36752136752136755
BONNEVILLE POWER ADMINISTRATION | VERA IRRIGATION DISTRICT #15,2014 and earlier,23,615,0.03739837398373984
BONNEVILLE POWER ADMINISTRATION | VERA IRRIGATION DISTRICT #15,2015-2017,45,615,0.07317073170731707
BONNEVILLE POWER ADMINISTRATION | VERA IRRIGATION DISTRICT #15,2018-2020,64,615,0.1040650406504065
BONNEVILLE POWER ADMINISTRATION | VERA IRRIGATION DISTRICT #15,2021-2023,204,615,0.33170731707317075
BONNEVILLE POWER ADMINISTRATION | VERA IRRIGATION DISTRICT #15,2024+,279,615,0.45365853658536587
CITY OF BLAINE - (WA) | PUD NO 1 OF WHATCOM COUNTY,2014 and earlier,13,302,0.04304635761589404
CITY OF BLAINE - (WA) | PUD NO 1 OF WHATCOM COUNTY,2015-2017,21,302,0.0695364238410596
CITY OF BLAINE - (WA) | PUD NO 1 OF WHATCOM COUNTY,2018-2020,46,302,0.152317880794702
CITY OF BLAINE - (WA) | PUD NO 1 OF WHATCOM COUNTY,2021-2023,111,302,0.3675496688741722
CITY OF BLAINE - (WA) | PUD NO 1 OF WHATCOM COUNTY,2024+,111,302,0.3675496688741722
CITY OF CHENEY - (WA),2014 and earlier,2,83,0.024096385542168676
CITY OF CHENEY - (WA),2015-2017,9,83,0.10843373493975904
CITY OF CHENEY - (WA),2018-2020,10,83,0.12048192771084337
CITY OF CHENEY - (WA),2021-2023,27,83,0.3253012048192771
CITY OF CHENEY - (WA),2024+,35,83,0.42168674698795183
CITY OF CHEWELAH,2014 and earlier,1,14,0.07142857142857142
CITY OF CHEWELAH,2015-2017,2,14,0.14285714285714285
CITY OF CHEWELAH,2018-2020,0,14,0.0
CITY OF CHEWELAH,2021-2023,6,14,0.42857142857142855
CITY OF CHEWELAH,2024+,5,14,0.35714285714285715
CITY OF SEATTLE - (WA),2014 and earlier,0,1,0.0
CITY OF SEATTLE - (WA),2015-2017,0,1,0.0
CITY OF SEATTLE - (WA),2018-2020,0,1,0.0
CITY OF SEATTLE - (WA),2021-2023,1,1,1.0
CITY OF SEATTLE - (WA),2024+,0,1,0.0
CITY OF SEATTLE - (WA) | CITY OF TACOMA - (WA),2014 and earlier,1505,45996,0.032720236542308025
CITY OF SEATTLE - (WA) | CITY OF TACOMA - (WA),2015-2017,3338,45996,0.07257152795895296
CITY OF SEATTLE - (WA) | CITY OF TACOMA - (WA),2018-2020,6601,45996,0.1435124793460301
CITY OF SEATTLE - (WA) | CITY OF TACOMA - (WA),2021-2023,18188,45996,0.39542568919036436
CITY OF SEATTLE - (WA) | CITY OF TACOMA - (WA),2024+,16364,45996,0.35577006696234453
CITY OF SUMAS - (WA) | PUD NO 1 OF WHATCOM COUNTY,2014 and earlier,2,16,0.125
CITY OF SUMAS - (WA) | PUD NO 1 OF WHATCOM COUNTY,2015-2017,0,16,0.0
CITY OF SUMAS - (WA) | PUD NO 1 OF WHATCOM COUNTY,2018-2020,1,16,0.0625
CITY OF SUMAS - (WA) | PUD NO 1 OF WHATCOM COUNTY,2021-2023,6,16,0.375
CITY OF SUMAS - (WA) | PUD NO 1 OF WHATCOM COUNTY,2024+,7,16,0.4375
CITY OF TACOMA - (WA),2014 and earlier,2,26,0.07692307692307693
CITY OF TACOMA - (WA),2015-2017,4,26,0.15384615384615385
CITY OF TACOMA - (WA),2018-2020,5,26,0.19230769230769232
CITY OF TACOMA - (WA),2021-2023,12,26,0.46153846153846156
CITY OF TACOMA - (WA),2024+,3,26,0.11538461538461539
CITY OF TACOMA - (WA) | TANNER ELECTRIC COOP,2014 and earlier,12,388,0.030927835051546393
CITY OF TACOMA - (WA) | TANNER ELECTRIC COOP,2015-2017,17,388,0.04381443298969072
CITY OF TACOMA - (WA) | TANNER ELECTRIC COOP,2018-2020,39,388,0.10051546391752578
CITY OF TACOMA - (WA) | TANNER ELECTRIC COOP,2021-2023,169,388,0.43556701030927836
CITY OF TACOMA - (WA) | TANNER ELECTRIC COOP,2024+,151,388,0.38917525773195877
MODERN ELECTRIC WATER COMPANY,2014 and earlier,85,1915,0.044386422976501305
MODERN ELECTRIC WATER COMPANY,2015-2017,166,1915,0.0866840731070496
MODERN ELECTRIC WATER COMPANY,2018-2020,243,1915,0.12689295039164492
MODERN ELECTRIC WATER COMPANY,2021-2023,697,1915,0.3639686684073107
MODERN ELECTRIC WATER COMPANY,2024+,724,1915,0.37806788511749345
NO KNOWN ELECTRIC UTILITY SERVICE,2014 and earlier,21,361,0.05817174515235457
NO KNOWN ELECTRIC UTILITY SERVICE,2015-2017,36,361,0.0997229916897507
NO KNOWN ELECTRIC UTILITY SERVICE,2018-2020,57,361,0.15789473684210525
NO KNOWN ELECTRIC UTILITY SERVICE,2021-2023,124,361,0.34349030470914127
NO KNOWN ELECTRIC UTILITY SERVICE,2024+,123,361,0.3407202216066482
NON WASHINGTON STATE ELECTRIC UTILITY,2014 and earlier,16,672,0.023809523809523808
NON WASHINGTON STATE ELECTRIC UTILITY,2015-2017,43,672,0.06398809523809523
NON WASHINGTON STATE ELECTRIC UTILITY,2018-2020,99,672,0.14732142857142858
NON WASHINGTON STATE ELECTRIC UTILITY,2021-2023,343,672,0.5104166666666666
NON WASHINGTON STATE ELECTRIC UTILITY,2024+,171,672,0.2544642857142857
"OKANOGAN COUNTY ELEC COOP, INC",2014 and earlier,4,235,0.01702127659574468
"OKANOGAN COUNTY ELEC COOP, INC",2015-2017,14,235,0.059574468085106386
"OKANOGAN COUNTY ELEC COOP, INC",2018-2020,42,235,0.17872340425531916
"OKANOGAN COUNTY ELEC COOP, INC",2021-2023,106,235,0.451063829787234
"OKANOGAN COUNTY ELEC COOP, INC",2024+,69,235,0.2936170212765957
PACIFICORP,2014 and earlier,121,2446,0.04946852003270646
PACIFICORP,2015-2017,183,2446,0.07481602616516762
PACIFICORP,2018-2020,381,2446,0.15576451349141454
PACIFICORP,2021-2023,943,2446,0.38552739165985284
PACIFICORP,2024+,818,2446,0.33442354865085855
PORTLAND GENERAL ELECTRIC CO,2014 and earlier,0,14,0.0
PORTLAND GENERAL ELECTRIC CO,2015-2017,0,14,0.0
PORTLAND GENERAL ELECTRIC CO,2018-2020,2,14,0.14285714285714285
PORTLAND GENERAL ELECTRIC CO,2021-2023,3,14,0.21428571428571427
PORTLAND GENERAL ELECTRIC CO,2024+,9,14,0.6428571428571429
PUD NO 1 OF CHELAN COUNTY,2014 and earlier,50,1759,0.028425241614553724
PUD NO 1 OF CHELAN COUNTY,2015-2017,136,1759,0.07731665719158613
PUD NO 1 OF CHELAN COUNTY,2018-2020,244,1759,0.13871517907902217
PUD NO 1 OF CHELAN COUNTY,2021-2023,713,1759,0.4053439454235361
PUD NO 1 OF CHELAN COUNTY,2024+,616,1759,0.3501989766913019
PUD NO 1 OF DOUGLAS COUNTY,2014 and earlier,30,608,0.049342105263157895
PUD NO 1 OF DOUGLAS COUNTY,2015-2017,36,608,0.05921052631578947
PUD NO 1 OF DOUGLAS COUNTY,2018-2020,87,608,0.14309210526315788
PUD NO 1 OF DOUGLAS COUNTY,2021-2023,227,608,0.37335526315789475
PUD NO 1 OF DOUGLAS COUNTY,2024+,228,608,0.375
PUD NO 1 OF OKANOGAN COUNTY,2014 and earlier,12,168,0.07142857142857142
PUD NO 1 OF OKANOGAN COUNTY,2015-2017,7,168,0.041666666666666664
PUD NO 1 OF OKANOGAN COUNTY,2018-2020,21,168,0.125
PUD NO 1 OF OKANOGAN COUNTY,2021-2023,67,168,0.39880952380952384
PUD NO 1 OF OKANOGAN COUNTY,2024+,61,168,0.3630952380952381
PUD NO 1 OF PEND OREILLE COUNTY,2014 and earlier,5,102,0.049019607843137254
PUD NO 1 OF PEND OREILLE COUNTY,2015-2017,6,102,0.058823529411764705
PUD NO 1 OF PEND OREILLE COUNTY,2018-2020,11,102,0.10784313725490197
PUD NO 1 OF PEND OREILLE COUNTY,2021-2023,39,102,0.38235294117647056
PUD NO 1 OF PEND OREILLE COUNTY,2024+,41,102,0.4019607843137255
PUD NO 1 OF WHATCOM COUNTY,2014 and earlier,7,74,0.0945945945945946
PUD NO 1 OF WHATCOM COUNTY,2015-2017,10,74,0.13513513513513514
PUD NO 1 OF WHATCOM COUNTY,2018-2020,10,74,0.13513513513513514
PUD NO 1 OF WHATCOM COUNTY,2021-2023,25,74,0.33783783783783783
PUD NO 1 OF WHATCOM COUNTY,2024+,22,74,0.2972972972972973
PUD NO 2 OF GRANT COUNTY,2014 and earlier,56,1108,0.05054151624548736
PUD NO 2 OF GRANT COUNTY,2015-2017,81,1108,0.07310469314079422
PUD NO 2 OF GRANT COUNTY,2018-2020,147,1108,0.13267148014440433
PUD NO 2 OF GRANT COUNTY,2021-2023,436,1108,0.3935018050541516
PUD NO 2 OF GRANT COUNTY,2024+,388,1108,0.35018050541516244
PUGET SOUND ENERGY INC,2014 and earlier,2060,58233,0.035375130939501655
PUGET SOUND ENERGY INC,2015-2017,3772,58233,0.06477426888533992
PUGET SOUND ENERGY INC,2018-2020,7646,58233,0.13130012192399498
PUGET SOUND ENERGY INC,2021-2023,23565,58233,0.404667456596775
PUGET SOUND ENERGY INC,2024+,21190,58233,0.3638830216543884
PUGET SOUND ENERGY INC | CITY OF TACOMA - (WA),2014 and earlier,2370,98542,0.024050658602423333
PUGET SOUND ENERGY INC | CITY OF TACOMA - (WA),2015-2017,5002,98542,0.050760081995494304
PUGET SOUND ENERGY INC | CITY OF TACOMA - (WA),2018-2020,12187,98542,0.12367315459398023
PUGET SOUND ENERGY INC | CITY OF TACOMA - (WA),2021-2023,40259,98542,0.40854660956749406
PUGET SOUND ENERGY INC | CITY OF TACOMA - (WA),2024+,38724,98542,0.3929694952406081
PUGET SOUND ENERGY INC | PUD NO 1 OF WHATCOM COUNTY,2014 and earlier,382,6390,0.05978090766823161
PUGET SOUND ENERGY INC | PUD NO 1 OF WHATCOM COUNTY,2015-2017,626,6390,0.09796557120500783
PUGET SOUND ENERGY INC | PUD NO 1 OF WHATCOM COUNTY,2018-2020,957,6390,0.14976525821596245
PUGET SOUND ENERGY INC | PUD NO 1 OF WHATCOM COUNTY,2021-2023,2448,6390,0.38309859154929576
PUGET SOUND ENERGY INC | PUD NO 1 OF WHATCOM COUNTY,2024+,1977,6390,0.30938967136150236
UNKNOWN UTILITY,2014 and earlier,2,15,0.13333333333333333
UNKNOWN UTILITY,2015-2017,1,15,0.06666666666666667
UNKNOWN UTILITY,2018-2020,3,15,0.2
UNKNOWN UTILITY,2021-2023,7,15,0.4666666666666667
UNKNOWN UTILITY,2024+,2,15,0.13333333333333333
