Utility Standardized,total_ev_count,bev_count,bev_share,phev_count,phev_share,recent_model_year_count,recent_model_year_share,average_electric_range,median_electric_range,average_positive_electric_range,median_positive_electric_range,min_model_year,median_model_year,max_model_year,county_count,city_count
PUGET SOUND ENERGY INC | CITY OF TACOMA - (WA),98542,81377,0.8258103143837145,17165,0.17418968561628545,72109,0.7317590469038583,37.101888592334,0.0,113.8013758326589,53.0,2008,2023.0,2026,4,76
PUGET SOUND ENERGY INC,58233,47307,0.8123744268713616,10926,0.1876255731286384,40389,0.6935758075318118,38.4405138068416,0.0,109.49801888176881,53.0,2000,2023.0,2026,6,79
CITY OF SEATTLE - (WA) | CITY OF TACOMA - (WA),45996,36933,0.8029611270545265,9063,0.1970388729454735,30854,0.6707974606487521,40.23750407653006,0.0,106.72533302577706,54.0,2000,2023.0,2026,1,8
BONNEVILLE POWER ADMINISTRATION | PUD NO 1 OF CLARK COUNTY - (WA),16614,12621,0.7596605272661611,3993,0.24033947273383893,11332,0.6820753581316962,39.47384578342262,0.0,98.36193190340482,42.0,2011,2023.0,2026,2,10
BONNEVILLE POWER ADMINISTRATION | CITY OF TACOMA - (WA) | PENINSULA LIGHT COMPANY,12590,9728,0.7726767275615568,2862,0.22732327243844322,8340,0.6624305003971406,41.30097704345063,0.0,103.44966175885396,42.0,1999,2023.0,2026,2,22
PUGET SOUND ENERGY INC | PUD NO 1 OF WHATCOM COUNTY,6390,4827,0.7553990610328638,1563,0.24460093896713614,3916,0.6128325508607199,45.900469483568074,0.0,100.2406015037594,53.0,2000,2023.0,2026,1,14
BONNEVILLE POWER ADMINISTRATION | AVISTA CORP | INLAND POWER & LIGHT COMPANY,4727,3448,0.7294266976940977,1279,0.27057330230590226,3316,0.7015020097313307,36.26084197165221,0.0,88.94914374675662,38.0,2010,2023.0,2026,3,41
BONNEVILLE POWER ADMINISTRATION | PUD 1 OF SNOHOMISH COUNTY,2632,2097,0.7967325227963525,535,0.2032674772036474,1740,0.6610942249240122,43.452127659574465,0.0,114.1377245508982,53.0,2011,2023.0,2026,2,13
PACIFICORP,2446,1740,0.7113654946852003,706,0.28863450531479967,1524,0.6230580539656582,47.47138184791496,0.0,100.4455017301038,42.0,2011,2022.5,2026,4,22
BONNEVILLE POWER ADMINISTRATION | PUD NO 1 OF BENTON COUNTY,2296,1729,0.7530487804878049,567,0.24695121951219512,1401,0.610191637630662,52.166811846689896,0.0,115.05763688760807,53.0,2011,2022.0,2026,1,10
MODERN ELECTRIC WATER COMPANY,1915,1400,0.7310704960835509,515,0.2689295039164491,1281,0.6689295039164491,39.16971279373368,0.0,91.14216281895504,40.0,2011,2023.0,2026,1,1
PUD NO 1 OF CHELAN COUNTY,1759,1418,0.8061398521887436,341,0.1938601478112564,1194,0.6787947697555429,44.98465036952814,0.0,117.92548435171386,72.0,2011,2023.0,2026,1,12
BONNEVILLE POWER ADMINISTRATION | CITY OF RICHLAND - (WA),1615,1185,0.7337461300309598,430,0.26625386996904027,1115,0.6904024767801857,43.73250773993808,0.0,102.65697674418605,42.0,2011,2023.0,2026,1,2
BONNEVILLE POWER ADMINISTRATION | PUD NO 1 OF COWLITZ COUNTY,1467,1112,0.7580095432856169,355,0.2419904567143831,958,0.6530334014996592,43.104976141785954,0.0,106.0989932885906,42.0,2011,2023.0,2026,1,12
BONNEVILLE POWER ADMINISTRATION | PUGET SOUND ENERGY INC | PUD NO 1 OF JEFFERSON COUNTY,1414,1043,0.7376237623762376,371,0.2623762376237624,814,0.5756718528995757,49.8048090523338,0.0,100.89398280802293,53.0,2011,2022.0,2026,1,8
BONNEVILLE POWER ADMINISTRATION | ORCAS POWER & LIGHT COOP,1275,991,0.7772549019607843,284,0.2227450980392157,633,0.4964705882352941,61.946666666666665,25.0,108.49175824175825,83.5,2000,2021.0,2026,1,13
BONNEVILLE POWER ADMINISTRATION | PUD NO 1 OF CLALLAM COUNTY,1268,900,0.7097791798107256,368,0.2902208201892745,784,0.6182965299684543,45.28154574132492,0.0,94.59143327841845,42.0,2002,2023.0,2026,1,7
BONNEVILLE POWER ADMINISTRATION | CITY OF TACOMA - (WA) | PUD NO 3 OF MASON COUNTY,1211,915,0.7555739058629232,296,0.2444260941370768,786,0.6490503715937241,47.04459124690339,0.0,109.77071290944123,42.0,2011,2023.0,2026,1,12
BONNEVILLE POWER ADMINISTRATION | PUD NO 1 OF FRANKLIN COUNTY,1114,874,0.7845601436265709,240,0.21543985637342908,666,0.5978456014362658,56.535906642728904,0.0,127.75050709939148,75.0,2011,2022.0,2026,1,6
PUD NO 2 OF GRANT COUNTY,1108,814,0.7346570397111913,294,0.26534296028880866,741,0.6687725631768953,41.67238267148014,0.0,98.4498933901919,38.0,2011,2023.0,2026,1,16
BONNEVILLE POWER ADMINISTRATION | PUD NO 1 OF GRAYS HARBOR COUNTY,1026,722,0.7037037037037037,304,0.2962962962962963,625,0.6091617933723197,44.24366471734893,0.0,93.98343685300208,39.0,2011,2023.0,2026,1,18
BONNEVILLE POWER ADMINISTRATION | CITY OF TACOMA - (WA) | ELMHURST MUTUAL POWER & LIGHT CO | PENINSULA LIGHT COMPANY,861,691,0.8025551684088269,170,0.19744483159117304,584,0.6782810685249709,39.39256678281068,0.0,107.33227848101266,53.0,2011,2023.0,2026,1,5
NON WASHINGTON STATE ELECTRIC UTILITY,672,498,0.7410714285714286,174,0.25892857142857145,445,0.6622023809523809,41.40327380952381,0.0,100.44404332129965,37.0,2011,2023.0,2026,218,413
AVISTA CORP,671,450,0.6706408345752608,221,0.3293591654247392,455,0.6780923994038748,37.9806259314456,0.0,80.39432176656152,42.0,2011,2023.0,2026,6,31
BONNEVILLE POWER ADMINISTRATION | VERA IRRIGATION DISTRICT #15,615,347,0.5642276422764227,268,0.43577235772357725,448,0.7284552845528456,34.63414634146341,21.0,63.01775147928994,32.0,2008,2023.0,2026,1,2
PUD NO 1 OF DOUGLAS COUNTY,608,483,0.7944078947368421,125,0.20559210526315788,413,0.6792763157894737,45.3766447368421,0.0,115.43514644351464,53.0,2012,2023.0,2026,1,12
BONNEVILLE POWER ADMINISTRATION | CITY OF TACOMA - (WA) | PUD NO 1 OF LEWIS COUNTY,601,431,0.7171381031613977,170,0.28286189683860236,382,0.6356073211314476,42.86189683860233,0.0,95.76208178438662,42.0,2011,2023.0,2026,1,21
BONNEVILLE POWER ADMINISTRATION | INLAND POWER & LIGHT COMPANY,595,426,0.7159663865546219,169,0.28403361344537814,399,0.6705882352941176,42.387205387205384,0.0,96.83846153846154,38.0,2011,2023.0,2026,3,11
BONNEVILLE POWER ADMINISTRATION | PUD NO 1 OF KLICKITAT COUNTY,485,357,0.7360824742268042,128,0.2639175257731959,317,0.6536082474226804,45.95463917525773,0.0,105.13207547169812,42.0,2011,2023.0,2026,1,23
BONNEVILLE POWER ADMINISTRATION | PACIFICORP | PUD NO 1 OF CLARK COUNTY - (WA),391,314,0.80306905370844,77,0.1969309462915601,263,0.6726342710997443,42.65217391304348,0.0,115.8125,53.0,2013,2023.0,2026,1,2
CITY OF TACOMA - (WA) | TANNER ELECTRIC COOP,388,335,0.8634020618556701,53,0.13659793814432988,284,0.7319587628865979,34.88917525773196,0.0,123.06363636363636,75.0,2013,2023.0,2026,1,4
BONNEVILLE POWER ADMINISTRATION | CITY OF PORT ANGELES - (WA),386,268,0.694300518134715,118,0.30569948186528495,219,0.5673575129533679,46.36787564766839,3.0,92.73575129533678,42.0,2011,2022.5,2026,1,1
NO KNOWN ELECTRIC UTILITY SERVICE,361,264,0.7313019390581718,97,0.26869806094182824,225,0.6232686980609419,49.398891966759,0.0,105.52071005917159,53.0,2011,2023.0,2026,11,30
BONNEVILLE POWER ADMINISTRATION | PUD NO 2 OF PACIFIC COUNTY,349,217,0.6217765042979942,132,0.37822349570200575,232,0.664756446991404,39.40687679083094,14.0,76.40555555555555,38.0,2011,2023.0,2026,1,21
BONNEVILLE POWER ADMINISTRATION | CITY OF TACOMA - (WA) | LAKEVIEW LIGHT & POWER | PENINSULA LIGHT COMPANY,321,237,0.7383177570093458,84,0.2616822429906542,209,0.6510903426791277,35.95015576323988,0.0,85.48148148148148,34.0,2011,2023.0,2026,1,3
BONNEVILLE POWER ADMINISTRATION | CITY OF CENTRALIA - (WA) | CITY OF TACOMA - (WA),315,124,0.39365079365079364,191,0.6063492063492063,231,0.7333333333333333,38.08253968253968,32.0,52.38427947598253,32.0,2011,2023.0,2026,1,1
CITY OF BLAINE - (WA) | PUD NO 1 OF WHATCOM COUNTY,302,251,0.8311258278145696,51,0.16887417218543047,199,0.6589403973509934,47.81456953642384,0.0,127.78761061946902,84.0,2011,2023.0,2026,1,1
BONNEVILLE POWER ADMINISTRATION | PUD NO 1 OF SKAMANIA CO,269,208,0.7732342007434945,61,0.22676579925650558,166,0.6171003717472119,47.57992565055762,0.0,115.30630630630631,42.0,2012,2022.0,2026,1,7
"OKANOGAN COUNTY ELEC COOP, INC",235,176,0.7489361702127659,59,0.251063829787234,152,0.6468085106382979,53.94468085106383,0.0,124.2843137254902,42.0,2011,2023.0,2026,1,4
BONNEVILLE POWER ADMINISTRATION | TOWN OF STEILACOOM | CITY OF TACOMA - (WA) | PENINSULA LIGHT COMPANY,234,180,0.7692307692307693,54,0.23076923076923078,147,0.6282051282051282,49.55982905982906,0.0,112.59223300970874,53.0,2010,2023.0,2026,1,1
BONNEVILLE POWER ADMINISTRATION | CITY OF ELLENSBURG - (WA),230,181,0.7869565217391304,49,0.21304347826086956,149,0.6478260869565218,41.84347826086957,0.0,111.90697674418605,53.0,2012,2023.0,2026,1,1
BONNEVILLE POWER ADMINISTRATION | PACIFICORP | BENTON RURAL ELECTRIC ASSN,230,170,0.7391304347826086,60,0.2608695652173913,145,0.6304347826086957,55.21304347826087,0.0,117.58333333333333,44.0,2011,2022.0,2026,1,7
"BONNEVILLE POWER ADMINISTRATION | CITY OF TACOMA - (WA) | OHOP MUTUAL LIGHT COMPANY, INC | PENINSULA LIGHT COMPANY",209,151,0.722488038277512,58,0.27751196172248804,134,0.6411483253588517,41.20574162679426,0.0,91.61702127659575,38.0,2011,2023.0,2026,1,3
BONNEVILLE POWER ADMINISTRATION | CITY OF TACOMA - (WA) | PUD NO 1 OF MASON COUNTY,194,145,0.7474226804123711,49,0.25257731958762886,136,0.7010309278350515,36.02577319587629,0.0,95.73972602739725,38.0,2012,2023.0,2026,1,5
BONNEVILLE POWER ADMINISTRATION | CITY OF TACOMA - (WA) | PARKLAND LIGHT & WATER COMPANY | PENINSULA LIGHT COMPANY,187,142,0.7593582887700535,45,0.24064171122994651,115,0.6149732620320856,43.81818181818182,0.0,101.1604938271605,44.0,2011,2023.0,2026,1,1
PUD NO 1 OF OKANOGAN COUNTY,168,107,0.6369047619047619,61,0.3630952380952381,107,0.6369047619047619,34.095238095238095,0.0,70.71604938271605,38.0,2011,2023.0,2026,1,13
BONNEVILLE POWER ADMINISTRATION | CITY OF MILTON - (WA) | CITY OF TACOMA - (WA),163,131,0.803680981595092,32,0.19631901840490798,106,0.6503067484662577,41.38036809815951,0.0,105.390625,57.5,2012,2023.0,2026,2,4
BONNEVILLE POWER ADMINISTRATION | AVISTA CORP | PUD NO 1 OF ASOTIN COUNTY,110,77,0.7,33,0.3,73,0.6636363636363637,43.49090909090909,0.0,93.80392156862744,42.0,2012,2023.0,2026,1,2
"BONNEVILLE POWER ADMINISTRATION | AVISTA CORP | BIG BEND ELECTRIC COOP, INC",107,81,0.7570093457943925,26,0.24299065420560748,69,0.6448598130841121,52.19626168224299,0.0,116.35416666666667,50.5,2011,2023.0,2026,2,2
PUD NO 1 OF PEND OREILLE COUNTY,102,78,0.7647058823529411,24,0.23529411764705882,71,0.696078431372549,36.049019607843135,0.0,96.76315789473684,38.5,2011,2023.0,2026,1,6
BONNEVILLE POWER ADMINISTRATION | PUD NO 1 OF WAHKIAKUM COUNTY,96,66,0.6875,30,0.3125,47,0.4895833333333333,79.14583333333333,25.0,133.2982456140351,53.0,2013,2021.0,2026,1,5
BONNEVILLE POWER ADMINISTRATION | CITY OF TACOMA - (WA) | BENTON RURAL ELECTRIC ASSN | PENINSULA LIGHT COMPANY,87,66,0.7586206896551724,21,0.2413793103448276,56,0.6436781609195402,36.58620689655172,0.0,99.46875,45.5,2014,2023.0,2026,1,6
CITY OF CHENEY - (WA),83,66,0.7951807228915663,17,0.20481927710843373,56,0.6746987951807228,41.54216867469879,0.0,104.48484848484848,53.0,2012,2023.0,2026,1,1
PUD NO 1 OF WHATCOM COUNTY,74,53,0.7162162162162162,21,0.28378378378378377,44,0.5945945945945946,48.108108108108105,19.0,91.28205128205128,42.0,2011,2023.0,2026,1,3
"BONNEVILLE POWER ADMINISTRATION | BIG BEND ELECTRIC COOP, INC",70,54,0.7714285714285715,16,0.22857142857142856,40,0.5714285714285714,60.457142857142856,0.0,136.51612903225808,53.0,2013,2022.0,2026,1,6
BONNEVILLE POWER ADMINISTRATION | TOWN OF RUSTON - (WA) | CITY OF TACOMA - (WA) | PENINSULA LIGHT COMPANY,60,46,0.7666666666666667,14,0.23333333333333334,45,0.75,47.7,0.0,119.25,42.0,2013,2023.0,2026,1,2
BONNEVILLE POWER ADMINISTRATION | TOWN OF EATONVILLE - (WA) | CITY OF TACOMA - (WA),51,38,0.7450980392156863,13,0.2549019607843137,34,0.6666666666666666,43.529411764705884,0.0,111.0,34.5,2014,2023.0,2026,1,1
BONNEVILLE POWER ADMINISTRATION | PUD NO 1 OF MASON COUNTY | PUD NO 1 OF JEFFERSON COUNTY,36,29,0.8055555555555556,7,0.19444444444444445,28,0.7777777777777778,27.0,0.0,97.2,47.5,2012,2022.5,2026,1,1
BONNEVILLE POWER ADMINISTRATION | CITY OF MCCLEARY - (WA),35,29,0.8285714285714286,6,0.17142857142857143,25,0.7142857142857143,38.51428571428571,0.0,112.33333333333333,53.5,2013,2023.0,2026,1,1
"BONNEVILLE POWER ADMINISTRATION | COLUMBIA RURAL ELEC ASSN, INC",33,27,0.8181818181818182,6,0.18181818181818182,17,0.5151515151515151,56.484848484848484,0.0,143.3846153846154,215.0,2013,2022.0,2026,1,4
BONNEVILLE POWER ADMINISTRATION | PUD NO 1 OF FERRY COUNTY,31,22,0.7096774193548387,9,0.2903225806451613,15,0.4838709677419355,84.12903225806451,25.0,137.26315789473685,151.0,2014,2021.0,2025,2,5
"BONNEVILLE POWER ADMINISTRATION | PACIFICORP | COLUMBIA RURAL ELEC ASSN, INC",30,23,0.7666666666666667,7,0.23333333333333334,23,0.7666666666666667,19.233333333333334,0.0,64.11111111111111,38.0,2013,2023.0,2026,2,4
BONNEVILLE POWER ADMINISTRATION | PUD NO 1 OF KITTITAS COUNTY,29,23,0.7931034482758621,6,0.20689655172413793,20,0.6896551724137931,26.310344827586206,0.0,84.77777777777777,34.0,2013,2023.0,2025,1,3
CITY OF TACOMA - (WA),26,21,0.8076923076923077,5,0.19230769230769232,13,0.5,75.6923076923077,21.0,151.3846153846154,150.0,2014,2021.5,2025,3,6
CITY OF SUMAS - (WA) | PUD NO 1 OF WHATCOM COUNTY,16,13,0.8125,3,0.1875,9,0.5625,25.0,0.0,80.0,38.0,2013,2023.0,2026,1,1
UNKNOWN UTILITY,15,12,0.8,3,0.2,8,0.5333333333333333,63.06666666666667,0.0,135.14285714285714,200.0,2010,2022.0,2025,1,1
CITY OF CHEWELAH,14,9,0.6428571428571429,5,0.35714285714285715,9,0.6428571428571429,10.5,0.0,29.4,25.0,2012,2023.0,2026,1,1
PORTLAND GENERAL ELECTRIC CO,14,9,0.6428571428571429,5,0.35714285714285715,11,0.7857142857142857,28.214285714285715,0.0,65.83333333333333,40.0,2018,2024.0,2026,1,1
BONNEVILLE POWER ADMINISTRATION | CITY OF COULEE DAM - (WA),11,8,0.7272727272727273,3,0.2727272727272727,7,0.6363636363636364,33.54545454545455,0.0,73.8,25.0,2015,2023.0,2024,2,1
"BONNEVILLE POWER ADMINISTRATION | NESPELEM VALLEY ELEC COOP, INC",6,6,1.0,0,0.0,5,0.8333333333333334,25.0,0.0,150.0,150.0,2019,2023.0,2025,1,4
"BONNEVILLE POWER ADMINISTRATION | CITY OF TACOMA - (WA) | ALDER MUTUAL LIGHT CO, INC | PENINSULA LIGHT COMPANY",4,3,0.75,1,0.25,4,1.0,9.75,0.0,39.0,39.0,2023,2024.0,2025,1,1
BONNEVILLE POWER ADMINISTRATION | BENTON RURAL ELECTRIC ASSN,4,1,0.25,3,0.75,2,0.5,23.0,27.0,30.666666666666668,33.0,2013,2022.0,2024,1,3
BONNEVILLE POWER ADMINISTRATION | PENINSULA LIGHT COMPANY,1,1,1.0,0,0.0,1,1.0,0.0,0.0,,,2024,2024.0,2024,1,1
BONNEVILLE POWER ADMINISTRATION | PUD NO 1 OF ASOTIN COUNTY,1,1,1.0,0,0.0,1,1.0,0.0,0.0,,,2022,2022.0,2022,1,1
BONNEVILLE POWER ADMINISTRATION | PUD NO 1 OF CLALLAM COUNTY | PUD NO 1 OF JEFFERSON COUNTY,1,1,1.0,0,0.0,1,1.0,0.0,0.0,,,2026,2026.0,2026,1,1
BONNEVILLE POWER ADMINISTRATION | PUD NO 1 OF JEFFERSON COUNTY,1,1,1.0,0,0.0,1,1.0,0.0,0.0,,,2023,2023.0,2023,1,1
BONNEVILLE POWER ADMINISTRATION | PUD NO 1 OF ASOTIN COUNTY | INLAND POWER & LIGHT COMPANY,1,0,0.0,1,1.0,0,0.0,25.0,25.0,25.0,25.0,2020,2020.0,2020,1,1
CITY OF SEATTLE - (WA),1,0,0.0,1,1.0,1,1.0,37.0,37.0,37.0,37.0,2022,2022.0,2022,1,1
